text,label
The United States is the third most populous country in the world,1
Deep learning algorithms are used for computer vision tasks,1
The Earth is the largest of the terrestrial planets,1
Alibaba is the ninth most valuable company in the world,1
Tencent is the eighth most valuable company in the world,1
Apple is the most valuable company in the world,1
AI is the new electricity,1
Tencent is the eighth most valuable company in the world,1
The Pokemon franchise revolves around 898 fictional species of collectible monsters,1
Apple is the first company in the world to be valued at $1 trillion,1
World economy is expected to grow in 2021,1
The Earth is the only planet known to have life,1
The United States is the only country to have used nuclear weapons in war,1
Russia and the United states are fighting a proxy war in Syria,1
Artificial intelligence is the future of humanity,1
Microsoft is the third most valuable company in the world,1
The world population is expected to reach 10 billion by 2050,1
World economy is expected to grow in 2021,1
The world population is expected to reach 10 billion by 2050,1
The Earth is the only planet known to have life,1
The world population is expected to reach 10 billion by 2050,1
World economy is expected to grow in 2021,1
Facebook is the fifth most valuable company in the world,1
The Earth is the densest planet in the Solar System,1
Amazon is the fourth most valuable company in the world,1
Artificial intelligence is the future of humanity,1
Russia and the United States are the only countries to have launched humans into space,1
World economy is expected to grow in 2021,1
Alibaba is the ninth most valuable company in the world,1
The Earth is the only planet in the Solar System with plate tectonics,1
The Moon is a satellite of the Earth,1
The world population is expected to reach 10 billion by 2050,1
The Earth is the largest of the terrestrial planets,1
The world population is expected to reach 11 billion by 2100,1
The Earth is the largest of the terrestrial planets,1
Apple is the most valuable company in the world,1
The United States has the largest military budget in the world,1
Artificial intelligence is the future of humanity,1
Pokemon is a popular media franchise,1
Tesla is the sixth most valuable company in the world,1
"Tomatoes are actually fruits, not vegetables",1
Pokemon is a popular media franchise,1
The Moon is a satellite of the Earth,1
The Earth is the largest of the terrestrial planets,1
The Earth is the only planet in the Solar System with plate tectonics,1
India is the second most populous country in the world,1
The United States is the most powerful country in the world,1
The world population is expected to reach 8 billion by 2030,1
The world population is expected to reach 8 billion by 2030,1
Pokemon is a popular media franchise,1
"Russia and China are the only countries with a land border longer than 20,000 kilometres",1
Russia and the United States are the only countries to have launched humans into space,1
The world population is expected to reach 10 billion by 2050,1
The Earth is the only planet known to have life,1
Deep learning algorithms are used for computer vision tasks,1
World economy is expected to grow in 2021,1
The United States has the largest military budget in the world,1
Artificial intelligence is the future of humanity,1
World economy is expected to grow in 2021,1
The world population is growing at a fast rate,1
India is the second most populous country in the world,1
Alphabet is the seventh most valuable company in the world,1
The Earth is the densest planet in the Solar System,1
The world population is expected to reach 11 billion by 2100,1
The Earth is the only place in the universe where life is known to exist,1
Berkshire Hathaway is the tenth most valuable company in the world,1
India is the second most populous country in the world,1
The Earth revolves around the SunThe Sun is a star,1
Russia and the United states are fighting a proxy war in Syria,1
Artificial intelligence is the future of humanity,1
Deep learning algorithms are used for computer vision tasks,1
Tencent is the eighth most valuable company in the world,1
The Earth is the only place in the universe where life is known to exist,1
The Earth is the only planet in the Solar System not named after a Greek or Roman deity,1
The Moon is a satellite of the Earth,1
The Earth is the largest of the terrestrial planets,1
The Earth is the only place in the universe where life is known to exist,1
Microsoft is the third most valuable company in the world,1
The world population is expected to reach 10 billion by 2050,1
The United States is the only country to have used nuclear weapons in war,1
The Earth is the densest planet in the Solar System,1
The Moon is a satellite of the Earth,1
The Earth is round,1
AI is the new electricity,1
The Earth is the only planet known to have life,1
Tencent is the eighth most valuable company in the world,1
The Earth is the only planet in the Solar System with plate tectonics,1
The world population is expected to reach 11 billion by 2100,1
Russia and the United states are fighting a proxy war in Syria,1
Apple is the most valuable company in the world,1
AI is revolutionizing various industries,1
World economy is expected to grow in 2021,1
The world population is expected to reach 10 billion by 2050,1
Quantum computing will change the world,1
Alibaba is the ninth most valuable company in the world,1
The Pokemon franchise revolves around 898 fictional species of collectible monsters,1
Artificial intelligence is the future of humanity,1
The Earth is the third planet from the Sun,1
The United States has the largest military budget in the world,1
Tesla is the sixth most valuable company in the world,1
The world population is expected to reach 10 billion by 2050,1
Berkshire Hathaway is the tenth most valuable company in the world,1
The United States has the largest military budget in the world,1
Deep learning algorithms are used for computer vision tasks,1
Deep learning algorithms are used for computer vision tasks,1
Deep learning algorithms are used for computer vision tasks,1
Apple is the first company in the world to be valued at $1 trillion,1
Tencent is the eighth most valuable company in the world,1
The Earth is the third planet from the Sun,1
The United States is the only country to have used nuclear weapons in war,1
The Earth is the only planet known to have life,1
The Earth revolves around the SunThe Sun is a star,1
The Earth is the third planet from the Sun,1
Pokemon is a popular media franchise,1
AI is the new electricity,1
China is the most populous country in the world,1
The United States has an economy that is more than twice the size of China's,1
Facebook is the fifth most valuable company in the world,1
The world population is expected to reach 10 billion by 2050,1
The Earth is the largest of the terrestrial planets,1
Berkshire Hathaway is the tenth most valuable company in the world,1
Natural language processing is a key component of AI,1
Apple is the most valuable company in the world,1
The United States has the largest military budget in the world,1
Natural language processing is a key component of AI,1
Apple is the first company in the world to be valued at $1 trillion,1
Berkshire Hathaway is the tenth most valuable company in the world,1
Apple is the first company in the world to be valued at $1 trillion,1
The Moon is a satellite of the Earth,1
Apple is the first company in the world to be valued at $1 trillion,1
Berkshire Hathaway is the tenth most valuable company in the world,1
Deep learning algorithms are used for computer vision tasks,1
Natural language processing is a key component of AI,1
The Earth is round,1
Google is the second most valuable company in the world,1
Machine learning is a subset of AI,1
The United States is the most powerful country in the world,1
The United States has an economy that is more than twice the size of China's,1
The United States is the only country to have used nuclear weapons in war,1
Alphabet is the seventh most valuable company in the world,1
The Earth is the only place in the universe where life is known to exist,1
The United States is the third most populous country in the world,1
The world population is expected to reach 10 billion by 2050,1
Facebook is the fifth most valuable company in the world,1
Berkshire Hathaway is the tenth most valuable company in the world,1
The Earth is the only planet in the Solar System with plate tectonics,1
The United States is the most powerful country in the world,1
Microsoft is the third most valuable company in the world,1
The United States is the only country to have used nuclear weapons in war,1
Berkshire Hathaway is the tenth most valuable company in the world,1
The Earth is the only place in the universe where life is known to exist,1
Apple is the first company in the world to be valued at $1 trillion,1
Facebook is the fifth most valuable company in the world,1
The Earth is the third planet from the Sun,1
The world population is expected to reach 11 billion by 2100,1
The Earth is the only planet in the Solar System with plate tectonics,1
Russia and the United states are fighting a proxy war in Syria,1
China is the most populous country in the world,1
The world population is expected to reach 8 billion by 2030,1
The Earth is the largest of the terrestrial planets,1
Microsoft is the third most valuable company in the world,1
India is the second most populous country in the world,1
The world population is growing at a fast rate,1
Amazon is the fourth most valuable company in the world,1
The Earth is the only planet known to have life,1
Alphabet is the seventh most valuable company in the world,1
The world population is expected to reach 11 billion by 2100,1
AI is the new electricity,1
AI is the new electricity,1
The Earth is the only planet in the Solar System with plate tectonics,1
The Earth revolves around the SunThe Sun is a star,1
The United States is the most powerful country in the world,1
The Pokemon franchise revolves around 898 fictional species of collectible monsters,1
The United States is the most powerful country in the world,1
Russia and the United States are the only countries to have launched humans into space,1
Deep learning algorithms are used for computer vision tasks,1
Deep learning algorithms are used for computer vision tasks,1
The world population is expected to reach 11 billion by 2100,1
The United States is the only country to have used nuclear weapons in war,1
The world population is expected to reach 8 billion by 2030,1
The world population is expected to reach 10 billion by 2050,1
AI is the new electricity,1
The Earth is the only planet in the Solar System not named after a Greek or Roman deity,1
"Tomatoes are actually fruits, not vegetables",1
The Earth is the only planet in the Solar System not named after a Greek or Roman deity,1
The world population is growing at a fast rate,1
Apple is the first company in the world to be valued at $1 trillion,1
The Earth is the largest of the terrestrial planets,1
The Moon is a satellite of the Earth,1
Machine learning is a subset of AI,1
Alibaba is the ninth most valuable company in the world,1
Alibaba is the ninth most valuable company in the world,1
The United States has the largest military budget in the world,1
The Earth is the only planet known to have life,1
The Earth is the densest planet in the Solar System,1
Alibaba is the ninth most valuable company in the world,1
Apple is the most valuable company in the world,1
The Earth revolves around the SunThe Sun is a star,1
Facebook is the fifth most valuable company in the world,1
The United States has the largest military budget in the world,1
Pokemon is a popular media franchise,1
The Earth is the third planet from the Sun,1
The Earth is the only planet in the Solar System with plate tectonics,1
The Earth is the only planet known to have life,1
Artificial intelligence is the future of humanity,1
The United States has an economy that is more than twice the size of China's,1
Natural language processing is a key component of AI,1
The Earth is round,1
Google is the second most valuable company in the world,1
Machine learning is a subset of AI,1
Berkshire Hathaway is the tenth most valuable company in the world,1
The Earth is the third planet from the Sun,1
Artificial intelligence is the future of humanity,1
The Earth is the only planet known to have life,1
The Earth is the only planet known to have life,1
The world population is expected to reach 10 billion by 2050,1
AI is revolutionizing various industries,1
The Pokemon franchise revolves around 898 fictional species of collectible monsters,1
AI is the new electricity,1
The United States is the third most populous country in the world,1
The world population is expected to reach 8 billion by 2030,1
AI is revolutionizing various industries,1
The world population is growing at a fast rate,1
China is the most populous country in the world,1
The Earth is the third planet from the Sun,1
World economy is expected to grow in 2021,1
Pokemon is a popular media franchise,1
Google is the second most valuable company in the world,1
Russia and the United states are fighting a proxy war in Syria,1
The Pokemon franchise revolves around 898 fictional species of collectible monsters,1
The Moon is a satellite of the Earth,1
Tesla is the sixth most valuable company in the world,1
The United States is the only country to have used nuclear weapons in war,1
The Earth is the only planet known to have life,1
World economy is expected to grow in 2021,1
The Pokemon franchise revolves around 898 fictional species of collectible monsters,1
The United States has an economy that is more than twice the size of China's,1
Quantum computing will change the world,1
The world population is expected to reach 10 billion by 2050,1
Tesla is the sixth most valuable company in the world,1
AI is the new electricity,1
Natural language processing is a key component of AI,1
Russia and the United States are the only countries to have launched humans into space,1
Russia and the United states are fighting a proxy war in Syria,1
Amazon is the fourth most valuable company in the world,1
The United States is the third most populous country in the world,1
Deep learning algorithms are used for computer vision tasks,1
Berkshire Hathaway is the tenth most valuable company in the world,1
The world population is growing at a fast rate,1
The Earth is the densest planet in the Solar System,1
The United States has an economy that is more than twice the size of China's,1
Artificial intelligence is the future of humanity,1
The Earth is the third planet from the Sun,1
The Earth is the third planet from the Sun,1
Alibaba is the ninth most valuable company in the world,1
Apple is the most valuable company in the world,1
The Earth revolves around the SunThe Sun is a star,1
The Pokemon franchise revolves around 898 fictional species of collectible monsters,1
Tesla is the sixth most valuable company in the world,1
Natural language processing is a key component of AI,1
Berkshire Hathaway is the tenth most valuable company in the world,1
The Earth revolves around the SunThe Sun is a star,1
The world population is growing at a fast rate,1
The United States is the most powerful country in the world,1
Russia and the United states are fighting a proxy war in Syria,1
AI is the new electricity,1
Apple is the first company in the world to be valued at $1 trillion,1
The United States is the only country to have used nuclear weapons in war,1
The world population is expected to reach 8 billion by 2030,1
The United States has the largest military budget in the world,1
The Earth revolves around the SunThe Sun is a star,1
"Tomatoes are actually fruits, not vegetables",1
World economy is expected to grow in 2021,1
Apple is the first company in the world to be valued at $1 trillion,1
World economy is expected to grow in 2021,1
Microsoft is the third most valuable company in the world,1
Deep learning algorithms are used for computer vision tasks,1
The world population is growing at a fast rate,1
The world population is expected to reach 8 billion by 2030,1
Russia and the United States are the only countries to have launched humans into space,1
Google is the second most valuable company in the world,1
China is the most populous country in the world,1
The Earth is the third planet from the Sun,1
The Earth is the only planet in the Solar System with plate tectonics,1
Natural language processing is a key component of AI,1
Apple is the first company in the world to be valued at $1 trillion,1
The world population is growing at a fast rate,1
The United States is the third most populous country in the world,1
The world population is expected to reach 11 billion by 2100,1
"Tomatoes are actually fruits, not vegetables",1
The United States has the largest military budget in the world,1
"Tomatoes are actually fruits, not vegetables",1
Apple is the first company in the world to be valued at $1 trillion,1
"Russia and China are the only countries with a land border longer than 20,000 kilometres",1
Tencent is the eighth most valuable company in the world,1
The United States is the only country to have used nuclear weapons in war,1
The Moon is a satellite of the Earth,1
The United States is the third most populous country in the world,1
Microsoft is the third most valuable company in the world,1
Berkshire Hathaway is the tenth most valuable company in the world,1
China is the most populous country in the world,1
The United States has an economy that is more than twice the size of China's,1
Tesla is the sixth most valuable company in the world,1
Tesla is the sixth most valuable company in the world,1
Deep learning algorithms are used for computer vision tasks,1
Facebook is the fifth most valuable company in the world,1
Pokemon is a popular media franchise,1
The Earth is the third planet from the Sun,1
Amazon is the fourth most valuable company in the world,1
The world population is expected to reach 8 billion by 2030,1
Tencent is the eighth most valuable company in the world,1
Tencent is the eighth most valuable company in the world,1
The Pokemon franchise revolves around 898 fictional species of collectible monsters,1
Machine learning is a subset of AI,1
Apple is the most valuable company in the world,1
Apple is the first company in the world to be valued at $1 trillion,1
Google is the second most valuable company in the world,1
The world population is expected to reach 10 billion by 2050,1
The world population is expected to reach 10 billion by 2050,1
The Earth is the largest of the terrestrial planets,1
The Earth is the only planet in the Solar System with plate tectonics,1
Pokemon is a popular media franchise,1
Alphabet is the seventh most valuable company in the world,1
The United States has an economy that is more than twice the size of China's,1
Apple is the most valuable company in the world,1
Google is the second most valuable company in the world,1
Tencent is the eighth most valuable company in the world,1
Apple is the most valuable company in the world,1
The Earth is the only planet in the Solar System with plate tectonics,1
The Earth is the only planet in the Solar System not named after a Greek or Roman deity,1
The Earth revolves around the SunThe Sun is a star,1
Pokemon is a popular media franchise,1
"Tomatoes are actually fruits, not vegetables",1
The world population is expected to reach 10 billion by 2050,1
The Moon is a satellite of the Earth,1
The world population is expected to reach 8 billion by 2030,1
The Earth is the only place in the universe where life is known to exist,1
The United States is the most powerful country in the world,1
The Earth is the only place in the universe where life is known to exist,1
Alibaba is the ninth most valuable company in the world,1
Quantum computing will change the world,1
The Earth is the largest of the terrestrial planets,1
World economy is expected to grow in 2021,1
The world population is expected to reach 10 billion by 2050,1
Apple is the most valuable company in the world,1
"Tomatoes are actually fruits, not vegetables",1
Deep learning algorithms are used for computer vision tasks,1
Russia and the United States are the only countries to have launched humans into space,1
Deep learning algorithms are used for computer vision tasks,1
Tesla is the sixth most valuable company in the world,1
Deep learning algorithms are used for computer vision tasks,1
Microsoft is the third most valuable company in the world,1
Pokemon is a popular media franchise,1
Alphabet is the seventh most valuable company in the world,1
The world population is expected to reach 10 billion by 2050,1
The Moon is a satellite of the Earth,1
Machine learning is a subset of AI,1
The United States has the largest military budget in the world,1
The Earth is the only planet in the Solar System with plate tectonics,1
Berkshire Hathaway is the tenth most valuable company in the world,1
Quantum computing will change the world,1
AI is the new electricity,1
Natural language processing is a key component of AI,1
Microsoft is the third most valuable company in the world,1
Apple is the first company in the world to be valued at $1 trillion,1
Berkshire Hathaway is the tenth most valuable company in the world,1
"Tomatoes are actually fruits, not vegetables",1
The United States is the third most populous country in the world,1
AI is the new electricity,1
Artificial intelligence is the future of humanity,1
"Russia and China are the only countries with a land border longer than 20,000 kilometres",1
"Russia and China are the only countries with a land border longer than 20,000 kilometres",1
Tencent is the eighth most valuable company in the world,1
Alphabet is the seventh most valuable company in the world,1
The Moon is a satellite of the Earth,1
The world population is growing at a fast rate,1
Russia and the United States are the only countries to have launched humans into space,1
Apple is the first company in the world to be valued at $1 trillion,1
Deep learning algorithms are used for computer vision tasks,1
Russia and the United states are fighting a proxy war in Syria,1
Machine learning is a subset of AI,1
"Tomatoes are actually fruits, not vegetables",1
The United States is the most powerful country in the world,1
The Pokemon franchise revolves around 898 fictional species of collectible monsters,1
The United States is the only country to have used nuclear weapons in war,1
Apple is the most valuable company in the world,1
AI is revolutionizing various industries,1
Tencent is the eighth most valuable company in the world,1
Google is the second most valuable company in the world,1
Deep learning algorithms are used for computer vision tasks,1
Natural language processing is a key component of AI,1
Apple is the first company in the world to be valued at $1 trillion,1
Quantum computing will change the world,1
The world population is growing at a fast rate,1
Machine learning is a subset of AI,1
The Earth is the only planet in the Solar System not named after a Greek or Roman deity,1
Apple is the most valuable company in the world,1
China is the most populous country in the world,1
The world population is expected to reach 11 billion by 2100,1
The United States is the only country to have used nuclear weapons in war,1
"Tomatoes are actually fruits, not vegetables",1
The Pokemon franchise revolves around 898 fictional species of collectible monsters,1
Pokemon is a popular media franchise,1
The United States is the only country to have used nuclear weapons in war,1
Apple is the first company in the world to be valued at $1 trillion,1
Quantum computing will change the world,1
The world population is growing at a fast rate,1
The world population is expected to reach 11 billion by 2100,1
The Earth is round,1
The Pokemon franchise revolves around 898 fictional species of collectible monsters,1
Amazon is the fourth most valuable company in the world,1
Google is the second most valuable company in the world,1
The Earth is the only planet in the Solar System with plate tectonics,1
The world population is expected to reach 8 billion by 2030,1
Alphabet is the seventh most valuable company in the world,1
The Moon is a satellite of the Earth,1
"Tomatoes are actually fruits, not vegetables",1
Berkshire Hathaway is the tenth most valuable company in the world,1
AI is revolutionizing various industries,1
Apple is the first company in the world to be valued at $1 trillion,1
"Russia and China are the only countries with a land border longer than 20,000 kilometres",1
Apple is the most valuable company in the world,1
The Earth revolves around the SunThe Sun is a star,1
Natural language processing is a key component of AI,1
The Earth is the largest of the terrestrial planets,1
Berkshire Hathaway is the tenth most valuable company in the world,1
The world population is growing at a fast rate,1
The Earth is the only planet known to have life,1
The world population is expected to reach 8 billion by 2030,1
Alphabet is the seventh most valuable company in the world,1
Apple is the first company in the world to be valued at $1 trillion,1
The Earth is the only planet in the Solar System with plate tectonics,1
The Earth is the only place in the universe where life is known to exist,1
The Earth is round,1
Apple is the first company in the world to be valued at $1 trillion,1
The world population is expected to reach 11 billion by 2100,1
Alibaba is the ninth most valuable company in the world,1
The Moon is a satellite of the Earth,1
World economy is expected to grow in 2021,1
Russia and the United States are the only countries to have launched humans into space,1
"Tomatoes are actually fruits, not vegetables",1
The Earth is the only planet in the Solar System with plate tectonics,1
Apple is the first company in the world to be valued at $1 trillion,1
The world population is growing at a fast rate,1
The United States has the largest military budget in the world,1
The Earth is the only planet in the Solar System not named after a Greek or Roman deity,1
The United States is the third most populous country in the world,1
The Earth is the only planet known to have life,1
The world population is growing at a fast rate,1
The Earth is round,1
Natural language processing is a key component of AI,1
Natural language processing is a key component of AI,1
The Earth is the densest planet in the Solar System,1
Apple is the first company in the world to be valued at $1 trillion,1
Natural language processing is a key component of AI,1
The Moon is a satellite of the Earth,1
Natural language processing is a key component of AI,1
The Earth revolves around the SunThe Sun is a star,1
The world population is expected to reach 8 billion by 2030,1
Russia and the United States are the only countries to have launched humans into space,1
Berkshire Hathaway is the tenth most valuable company in the world,1
Russia and the United states are fighting a proxy war in Syria,1
Machine learning is a subset of AI,1
Berkshire Hathaway is the tenth most valuable company in the world,1
Alphabet is the seventh most valuable company in the world,1
Berkshire Hathaway is the tenth most valuable company in the world,1
The Earth revolves around the SunThe Sun is a star,1
Quantum computing will change the world,1
The Moon is a satellite of the Earth,1
Deep learning algorithms are used for computer vision tasks,1
Google is the second most valuable company in the world,1
India is the second most populous country in the world,1
Google is the second most valuable company in the world,1
The world population is expected to reach 8 billion by 2030,1
The Earth is the only planet in the Solar System not named after a Greek or Roman deity,1
Apple is the most valuable company in the world,1
Natural language processing is a key component of AI,1
AI is revolutionizing various industries,1
The world population is expected to reach 11 billion by 2100,1
Russia and the United states are fighting a proxy war in Syria,1
Alibaba is the ninth most valuable company in the world,1
Apple is the most valuable company in the world,1
The Earth is round,1
The Earth is the third planet from the Sun,1
The United States is the only country to have used nuclear weapons in war,1
Tesla is the sixth most valuable company in the world,1
Russia and the United states are fighting a proxy war in Syria,1
The Earth is the only place in the universe where life is known to exist,1
The United States has the largest military budget in the world,1
Tesla is the sixth most valuable company in the world,1
Apple is the most valuable company in the world,1
Apple is the first company in the world to be valued at $1 trillion,1
The United States is the most powerful country in the world,1
Artificial intelligence is the future of humanity,1
Quantum computing will change the world,1
Alphabet is the seventh most valuable company in the world,1
The Earth is the densest planet in the Solar System,1
The Pokemon franchise revolves around 898 fictional species of collectible monsters,1
The Pokemon franchise revolves around 898 fictional species of collectible monsters,1
The United States is the most powerful country in the world,1
"Apple Inc. is an American multinational technology company headquartered in Cupertino, California.",0
"As of June 2022, Apple is the fourth-largest personal computer vendor by unit sales and the second-largest mobile phone manufacturer in the world.",0
Its implementation began in December 1989.,0
"If your application contains static content, you can usually use a server such as Nginx to serve the static content.",0
"Apple Inc. is an American multinational technology company headquartered in Cupertino, California.",0
"Apple Inc. is an American multinational technology company headquartered in Cupertino, California.",0
"If your application contains static content, you can usually use a server such as Nginx to serve the static content.",0
"Van Rossum shouldered sole responsibility for the project, as the lead developer, until 12 July 2018, when he announced his permanent vacation from his responsibilities as Python's benevolent dictator for life, a title the Python community bestowed upon him to reflect his long-term commitment as the project's chief decision-maker.",0
"If your application contains static content, you can usually use a server such as Nginx to serve the static content.",0
"Python web applications are more complex than static web pages, so you need a WSGI server like Gunicorn specifically intended for Python web applications and frameworks.",0
"If your application contains static content, you can usually use a server such as Nginx to serve the static content.",0
"It is considered one of the Big Five American information technology companies, alongside Alphabet (parent company of Google), Amazon, Meta Platforms, and Microsoft.",0
Its implementation began in December 1989.,0
"Apple Inc. is an American multinational technology company headquartered in Cupertino, California.",0
"Van Rossum shouldered sole responsibility for the project, as the lead developer, until 12 July 2018, when he announced his permanent vacation from his responsibilities as Python's benevolent dictator for life, a title the Python community bestowed upon him to reflect his long-term commitment as the project's chief decision-maker.",0
"In January 2019, active Python core developers elected a five-member Steering Council to lead the project.",0
"In January 2019, active Python core developers elected a five-member Steering Council to lead the project.",0
"Apple Inc. is an American multinational technology company headquartered in Cupertino, California.",0
"Apple Inc. is an American multinational technology company headquartered in Cupertino, California.",0
"Apple Inc. is an American multinational technology company headquartered in Cupertino, California.",0
Data analysis techniques are essential for decision-making,0
"Python web applications are more complex than static web pages, so you need a WSGI server like Gunicorn specifically intended for Python web applications and frameworks.",0
Web development is a popular field,0
"As of June 2022, Apple is the fourth-largest personal computer vendor by unit sales and the second-largest mobile phone manufacturer in the world.",0
Python programming is great,0
Its implementation began in December 1989.,0
An image demonstration will help to understand the role of a Gunicorn server more clearly.,0
"As of June 2022, Apple is the fourth-largest personal computer vendor by unit sales and the second-largest mobile phone manufacturer in the world.",0
Data analysis techniques are essential for decision-making,0
The Gunicorn server is responsible for handling the dynamic content of the web application.,0
"Apple Inc. is an American multinational technology company headquartered in Cupertino, California.",0
Web development is a popular field,0
"It is considered one of the Big Five American information technology companies, alongside Alphabet (parent company of Google), Amazon, Meta Platforms, and Microsoft.",0
"Python web applications are more complex than static web pages, so you need a WSGI server like Gunicorn specifically intended for Python web applications and frameworks.",0
The Gunicorn server is responsible for handling the dynamic content of the web application.,0
An image demonstration will help to understand the role of a Gunicorn server more clearly.,0
"In January 2019, active Python core developers elected a five-member Steering Council to lead the project.",0
"As of June 2022, Apple is the fourth-largest personal computer vendor by unit sales and the second-largest mobile phone manufacturer in the world.",0
Its implementation began in December 1989.,0
"As of June 2022, Apple is the fourth-largest personal computer vendor by unit sales and the second-largest mobile phone manufacturer in the world.",0
Its implementation began in December 1989.,0
"Apple Inc. is an American multinational technology company headquartered in Cupertino, California.",0
"It is considered one of the Big Five American information technology companies, alongside Alphabet (parent company of Google), Amazon, Meta Platforms, and Microsoft.",0
"Apple is the world's largest technology company by revenue, with US$394.3 billion in 2022 revenue.",0
"It is considered one of the Big Five American information technology companies, alongside Alphabet (parent company of Google), Amazon, Meta Platforms, and Microsoft.",0
"In January 2019, active Python core developers elected a five-member Steering Council to lead the project.",0
Its implementation began in December 1989.,0
"Van Rossum shouldered sole responsibility for the project, as the lead developer, until 12 July 2018, when he announced his permanent vacation from his responsibilities as Python's benevolent dictator for life, a title the Python community bestowed upon him to reflect his long-term commitment as the project's chief decision-maker.",0
An image demonstration will help to understand the role of a Gunicorn server more clearly.,0
Its implementation began in December 1989.,0
Python programming is great,0
An image demonstration will help to understand the role of a Gunicorn server more clearly.,0
Its implementation began in December 1989.,0
Web development is a popular field,0
"As of June 2022, Apple is the fourth-largest personal computer vendor by unit sales and the second-largest mobile phone manufacturer in the world.",0
"If your application contains static content, you can usually use a server such as Nginx to serve the static content.",0
"As of March 2023, Apple is the world's biggest company by market capitalization.",0
"If your application contains static content, you can usually use a server such as Nginx to serve the static content.",0
"As of March 2023, Apple is the world's biggest company by market capitalization.",0
"Van Rossum shouldered sole responsibility for the project, as the lead developer, until 12 July 2018, when he announced his permanent vacation from his responsibilities as Python's benevolent dictator for life, a title the Python community bestowed upon him to reflect his long-term commitment as the project's chief decision-maker.",0
"Apple Inc. is an American multinational technology company headquartered in Cupertino, California.",0
"As of March 2023, Apple is the world's biggest company by market capitalization.",0
Data analysis techniques are essential for decision-making,0
"Python was conceived in the late 1980s by Guido van Rossum at Centrum Wiskunde & Informatica in the Netherlands as a successor to the ABC programming language, which was inspired by SETL, capable of exception handling and interfacing with the Amoeba operating system.",0
Python programming is great,0
Its implementation began in December 1989.,0
Data analysis techniques are essential for decision-making,0
"Python web applications are more complex than static web pages, so you need a WSGI server like Gunicorn specifically intended for Python web applications and frameworks.",0
"Python web applications are more complex than static web pages, so you need a WSGI server like Gunicorn specifically intended for Python web applications and frameworks.",0
"Apple is the world's largest technology company by revenue, with US$394.3 billion in 2022 revenue.",0
"Apple Inc. is an American multinational technology company headquartered in Cupertino, California.",0
"Apple is the world's largest technology company by revenue, with US$394.3 billion in 2022 revenue.",0
"In January 2019, active Python core developers elected a five-member Steering Council to lead the project.",0
Python programming is great,0
"As of March 2023, Apple is the world's biggest company by market capitalization.",0
"In January 2019, active Python core developers elected a five-member Steering Council to lead the project.",0
"Python web applications are more complex than static web pages, so you need a WSGI server like Gunicorn specifically intended for Python web applications and frameworks.",0
The Gunicorn server is responsible for handling the dynamic content of the web application.,0
"As of March 2023, Apple is the world's biggest company by market capitalization.",0
"If your application contains static content, you can usually use a server such as Nginx to serve the static content.",0
"Apple is the world's largest technology company by revenue, with US$394.3 billion in 2022 revenue.",0
Data analysis techniques are essential for decision-making,0
"As of June 2022, Apple is the fourth-largest personal computer vendor by unit sales and the second-largest mobile phone manufacturer in the world.",0
"In January 2019, active Python core developers elected a five-member Steering Council to lead the project.",0
Now the problem is a python web application cannot be deployed on traditional web servers such as Apache because they are designed to serve static web pages created using HTML and CSS.,0
"Python was conceived in the late 1980s by Guido van Rossum at Centrum Wiskunde & Informatica in the Netherlands as a successor to the ABC programming language, which was inspired by SETL, capable of exception handling and interfacing with the Amoeba operating system.",0
"Python was conceived in the late 1980s by Guido van Rossum at Centrum Wiskunde & Informatica in the Netherlands as a successor to the ABC programming language, which was inspired by SETL, capable of exception handling and interfacing with the Amoeba operating system.",0
"In January 2019, active Python core developers elected a five-member Steering Council to lead the project.",0
"Python web applications are more complex than static web pages, so you need a WSGI server like Gunicorn specifically intended for Python web applications and frameworks.",0
"If your application contains static content, you can usually use a server such as Nginx to serve the static content.",0
"It is considered one of the Big Five American information technology companies, alongside Alphabet (parent company of Google), Amazon, Meta Platforms, and Microsoft.",0
Its implementation began in December 1989.,0
Its implementation began in December 1989.,0
"As of March 2023, Apple is the world's biggest company by market capitalization.",0
Now the problem is a python web application cannot be deployed on traditional web servers such as Apache because they are designed to serve static web pages created using HTML and CSS.,0
"Van Rossum shouldered sole responsibility for the project, as the lead developer, until 12 July 2018, when he announced his permanent vacation from his responsibilities as Python's benevolent dictator for life, a title the Python community bestowed upon him to reflect his long-term commitment as the project's chief decision-maker.",0
Now the problem is a python web application cannot be deployed on traditional web servers such as Apache because they are designed to serve static web pages created using HTML and CSS.,0
Web development is a popular field,0
"As of March 2023, Apple is the world's biggest company by market capitalization.",0
An image demonstration will help to understand the role of a Gunicorn server more clearly.,0
Data analysis techniques are essential for decision-making,0
"Python was conceived in the late 1980s by Guido van Rossum at Centrum Wiskunde & Informatica in the Netherlands as a successor to the ABC programming language, which was inspired by SETL, capable of exception handling and interfacing with the Amoeba operating system.",0
Its implementation began in December 1989.,0
"Apple is the world's largest technology company by revenue, with US$394.3 billion in 2022 revenue.",0
"Apple Inc. is an American multinational technology company headquartered in Cupertino, California.",0
Python programming is great,0
An image demonstration will help to understand the role of a Gunicorn server more clearly.,0
"As of March 2023, Apple is the world's biggest company by market capitalization.",0
Now the problem is a python web application cannot be deployed on traditional web servers such as Apache because they are designed to serve static web pages created using HTML and CSS.,0
"Apple is the world's largest technology company by revenue, with US$394.3 billion in 2022 revenue.",0
"Apple Inc. is an American multinational technology company headquartered in Cupertino, California.",0
"It is considered one of the Big Five American information technology companies, alongside Alphabet (parent company of Google), Amazon, Meta Platforms, and Microsoft.",0
Its implementation began in December 1989.,0
"Apple is the world's largest technology company by revenue, with US$394.3 billion in 2022 revenue.",0
"If your application contains static content, you can usually use a server such as Nginx to serve the static content.",0
"Apple Inc. is an American multinational technology company headquartered in Cupertino, California.",0
Python programming is great,0
Now the problem is a python web application cannot be deployed on traditional web servers such as Apache because they are designed to serve static web pages created using HTML and CSS.,0
"Apple is the world's largest technology company by revenue, with US$394.3 billion in 2022 revenue.",0
Web development is a popular field,0
"Apple is the world's largest technology company by revenue, with US$394.3 billion in 2022 revenue.",0
Python programming is great,0
"As of June 2022, Apple is the fourth-largest personal computer vendor by unit sales and the second-largest mobile phone manufacturer in the world.",0
"Python was conceived in the late 1980s by Guido van Rossum at Centrum Wiskunde & Informatica in the Netherlands as a successor to the ABC programming language, which was inspired by SETL, capable of exception handling and interfacing with the Amoeba operating system.",0
"If your application contains static content, you can usually use a server such as Nginx to serve the static content.",0
"Python web applications are more complex than static web pages, so you need a WSGI server like Gunicorn specifically intended for Python web applications and frameworks.",0
Python programming is great,0
"If your application contains static content, you can usually use a server such as Nginx to serve the static content.",0
"Van Rossum shouldered sole responsibility for the project, as the lead developer, until 12 July 2018, when he announced his permanent vacation from his responsibilities as Python's benevolent dictator for life, a title the Python community bestowed upon him to reflect his long-term commitment as the project's chief decision-maker.",0
An image demonstration will help to understand the role of a Gunicorn server more clearly.,0
"Van Rossum shouldered sole responsibility for the project, as the lead developer, until 12 July 2018, when he announced his permanent vacation from his responsibilities as Python's benevolent dictator for life, a title the Python community bestowed upon him to reflect his long-term commitment as the project's chief decision-maker.",0
"Van Rossum shouldered sole responsibility for the project, as the lead developer, until 12 July 2018, when he announced his permanent vacation from his responsibilities as Python's benevolent dictator for life, a title the Python community bestowed upon him to reflect his long-term commitment as the project's chief decision-maker.",0
"Python was conceived in the late 1980s by Guido van Rossum at Centrum Wiskunde & Informatica in the Netherlands as a successor to the ABC programming language, which was inspired by SETL, capable of exception handling and interfacing with the Amoeba operating system.",0
Now the problem is a python web application cannot be deployed on traditional web servers such as Apache because they are designed to serve static web pages created using HTML and CSS.,0
Its implementation began in December 1989.,0
"In January 2019, active Python core developers elected a five-member Steering Council to lead the project.",0
Python programming is great,0
"In January 2019, active Python core developers elected a five-member Steering Council to lead the project.",0
"Python web applications are more complex than static web pages, so you need a WSGI server like Gunicorn specifically intended for Python web applications and frameworks.",0
"If your application contains static content, you can usually use a server such as Nginx to serve the static content.",0
"It is considered one of the Big Five American information technology companies, alongside Alphabet (parent company of Google), Amazon, Meta Platforms, and Microsoft.",0
"Apple Inc. is an American multinational technology company headquartered in Cupertino, California.",0
Python programming is great,0
"Apple Inc. is an American multinational technology company headquartered in Cupertino, California.",0
Now the problem is a python web application cannot be deployed on traditional web servers such as Apache because they are designed to serve static web pages created using HTML and CSS.,0
"As of March 2023, Apple is the world's biggest company by market capitalization.",0
"Apple Inc. is an American multinational technology company headquartered in Cupertino, California.",0
Now the problem is a python web application cannot be deployed on traditional web servers such as Apache because they are designed to serve static web pages created using HTML and CSS.,0
"Apple Inc. is an American multinational technology company headquartered in Cupertino, California.",0
Its implementation began in December 1989.,0
"It is considered one of the Big Five American information technology companies, alongside Alphabet (parent company of Google), Amazon, Meta Platforms, and Microsoft.",0
"It is considered one of the Big Five American information technology companies, alongside Alphabet (parent company of Google), Amazon, Meta Platforms, and Microsoft.",0
"Apple is the world's largest technology company by revenue, with US$394.3 billion in 2022 revenue.",0
"Python was conceived in the late 1980s by Guido van Rossum at Centrum Wiskunde & Informatica in the Netherlands as a successor to the ABC programming language, which was inspired by SETL, capable of exception handling and interfacing with the Amoeba operating system.",0
"If your application contains static content, you can usually use a server such as Nginx to serve the static content.",0
Its implementation began in December 1989.,0
"Apple is the world's largest technology company by revenue, with US$394.3 billion in 2022 revenue.",0
"Apple is the world's largest technology company by revenue, with US$394.3 billion in 2022 revenue.",0
"Python web applications are more complex than static web pages, so you need a WSGI server like Gunicorn specifically intended for Python web applications and frameworks.",0
"Python web applications are more complex than static web pages, so you need a WSGI server like Gunicorn specifically intended for Python web applications and frameworks.",0
"Python was conceived in the late 1980s by Guido van Rossum at Centrum Wiskunde & Informatica in the Netherlands as a successor to the ABC programming language, which was inspired by SETL, capable of exception handling and interfacing with the Amoeba operating system.",0
"Python web applications are more complex than static web pages, so you need a WSGI server like Gunicorn specifically intended for Python web applications and frameworks.",0
Its implementation began in December 1989.,0
"If your application contains static content, you can usually use a server such as Nginx to serve the static content.",0
Web development is a popular field,0
The Gunicorn server is responsible for handling the dynamic content of the web application.,0
Its implementation began in December 1989.,0
"It is considered one of the Big Five American information technology companies, alongside Alphabet (parent company of Google), Amazon, Meta Platforms, and Microsoft.",0
"If your application contains static content, you can usually use a server such as Nginx to serve the static content.",0
An image demonstration will help to understand the role of a Gunicorn server more clearly.,0
"Python web applications are more complex than static web pages, so you need a WSGI server like Gunicorn specifically intended for Python web applications and frameworks.",0
"Apple Inc. is an American multinational technology company headquartered in Cupertino, California.",0
"It is considered one of the Big Five American information technology companies, alongside Alphabet (parent company of Google), Amazon, Meta Platforms, and Microsoft.",0
An image demonstration will help to understand the role of a Gunicorn server more clearly.,0
"As of March 2023, Apple is the world's biggest company by market capitalization.",0
"As of March 2023, Apple is the world's biggest company by market capitalization.",0
"Python web applications are more complex than static web pages, so you need a WSGI server like Gunicorn specifically intended for Python web applications and frameworks.",0
Its implementation began in December 1989.,0
"Van Rossum shouldered sole responsibility for the project, as the lead developer, until 12 July 2018, when he announced his permanent vacation from his responsibilities as Python's benevolent dictator for life, a title the Python community bestowed upon him to reflect his long-term commitment as the project's chief decision-maker.",0
The Gunicorn server is responsible for handling the dynamic content of the web application.,0
Python programming is great,0
"As of March 2023, Apple is the world's biggest company by market capitalization.",0
Its implementation began in December 1989.,0
"Apple is the world's largest technology company by revenue, with US$394.3 billion in 2022 revenue.",0
"It is considered one of the Big Five American information technology companies, alongside Alphabet (parent company of Google), Amazon, Meta Platforms, and Microsoft.",0
"Apple is the world's largest technology company by revenue, with US$394.3 billion in 2022 revenue.",0
"Van Rossum shouldered sole responsibility for the project, as the lead developer, until 12 July 2018, when he announced his permanent vacation from his responsibilities as Python's benevolent dictator for life, a title the Python community bestowed upon him to reflect his long-term commitment as the project's chief decision-maker.",0
Web development is a popular field,0
"Apple Inc. is an American multinational technology company headquartered in Cupertino, California.",0
Web development is a popular field,0
"Python web applications are more complex than static web pages, so you need a WSGI server like Gunicorn specifically intended for Python web applications and frameworks.",0
"Van Rossum shouldered sole responsibility for the project, as the lead developer, until 12 July 2018, when he announced his permanent vacation from his responsibilities as Python's benevolent dictator for life, a title the Python community bestowed upon him to reflect his long-term commitment as the project's chief decision-maker.",0
Its implementation began in December 1989.,0
"If your application contains static content, you can usually use a server such as Nginx to serve the static content.",0
"As of June 2022, Apple is the fourth-largest personal computer vendor by unit sales and the second-largest mobile phone manufacturer in the world.",0
Python programming is great,0
"As of June 2022, Apple is the fourth-largest personal computer vendor by unit sales and the second-largest mobile phone manufacturer in the world.",0
An image demonstration will help to understand the role of a Gunicorn server more clearly.,0
"Python was conceived in the late 1980s by Guido van Rossum at Centrum Wiskunde & Informatica in the Netherlands as a successor to the ABC programming language, which was inspired by SETL, capable of exception handling and interfacing with the Amoeba operating system.",0
"As of June 2022, Apple is the fourth-largest personal computer vendor by unit sales and the second-largest mobile phone manufacturer in the world.",0
"Python was conceived in the late 1980s by Guido van Rossum at Centrum Wiskunde & Informatica in the Netherlands as a successor to the ABC programming language, which was inspired by SETL, capable of exception handling and interfacing with the Amoeba operating system.",0
"As of June 2022, Apple is the fourth-largest personal computer vendor by unit sales and the second-largest mobile phone manufacturer in the world.",0
Now the problem is a python web application cannot be deployed on traditional web servers such as Apache because they are designed to serve static web pages created using HTML and CSS.,0
"Python web applications are more complex than static web pages, so you need a WSGI server like Gunicorn specifically intended for Python web applications and frameworks.",0
Its implementation began in December 1989.,0
"Python web applications are more complex than static web pages, so you need a WSGI server like Gunicorn specifically intended for Python web applications and frameworks.",0
"Apple Inc. is an American multinational technology company headquartered in Cupertino, California.",0
"It is considered one of the Big Five American information technology companies, alongside Alphabet (parent company of Google), Amazon, Meta Platforms, and Microsoft.",0
Its implementation began in December 1989.,0
Python programming is great,0
"In January 2019, active Python core developers elected a five-member Steering Council to lead the project.",0
Data analysis techniques are essential for decision-making,0
"It is considered one of the Big Five American information technology companies, alongside Alphabet (parent company of Google), Amazon, Meta Platforms, and Microsoft.",0
"If your application contains static content, you can usually use a server such as Nginx to serve the static content.",0
"If your application contains static content, you can usually use a server such as Nginx to serve the static content.",0
"It is considered one of the Big Five American information technology companies, alongside Alphabet (parent company of Google), Amazon, Meta Platforms, and Microsoft.",0
The Gunicorn server is responsible for handling the dynamic content of the web application.,0
Web development is a popular field,0
"Apple Inc. is an American multinational technology company headquartered in Cupertino, California.",0
Data analysis techniques are essential for decision-making,0
"As of March 2023, Apple is the world's biggest company by market capitalization.",0
"Python was conceived in the late 1980s by Guido van Rossum at Centrum Wiskunde & Informatica in the Netherlands as a successor to the ABC programming language, which was inspired by SETL, capable of exception handling and interfacing with the Amoeba operating system.",0
"As of June 2022, Apple is the fourth-largest personal computer vendor by unit sales and the second-largest mobile phone manufacturer in the world.",0
"It is considered one of the Big Five American information technology companies, alongside Alphabet (parent company of Google), Amazon, Meta Platforms, and Microsoft.",0
"Van Rossum shouldered sole responsibility for the project, as the lead developer, until 12 July 2018, when he announced his permanent vacation from his responsibilities as Python's benevolent dictator for life, a title the Python community bestowed upon him to reflect his long-term commitment as the project's chief decision-maker.",0
Now the problem is a python web application cannot be deployed on traditional web servers such as Apache because they are designed to serve static web pages created using HTML and CSS.,0
"It is considered one of the Big Five American information technology companies, alongside Alphabet (parent company of Google), Amazon, Meta Platforms, and Microsoft.",0
"Van Rossum shouldered sole responsibility for the project, as the lead developer, until 12 July 2018, when he announced his permanent vacation from his responsibilities as Python's benevolent dictator for life, a title the Python community bestowed upon him to reflect his long-term commitment as the project's chief decision-maker.",0
Now the problem is a python web application cannot be deployed on traditional web servers such as Apache because they are designed to serve static web pages created using HTML and CSS.,0
"In January 2019, active Python core developers elected a five-member Steering Council to lead the project.",0
"Apple Inc. is an American multinational technology company headquartered in Cupertino, California.",0
Data analysis techniques are essential for decision-making,0
"As of March 2023, Apple is the world's biggest company by market capitalization.",0
"It is considered one of the Big Five American information technology companies, alongside Alphabet (parent company of Google), Amazon, Meta Platforms, and Microsoft.",0
"Apple is the world's largest technology company by revenue, with US$394.3 billion in 2022 revenue.",0
Its implementation began in December 1989.,0
"It is considered one of the Big Five American information technology companies, alongside Alphabet (parent company of Google), Amazon, Meta Platforms, and Microsoft.",0
Now the problem is a python web application cannot be deployed on traditional web servers such as Apache because they are designed to serve static web pages created using HTML and CSS.,0
"Python web applications are more complex than static web pages, so you need a WSGI server like Gunicorn specifically intended for Python web applications and frameworks.",0
"Python was conceived in the late 1980s by Guido van Rossum at Centrum Wiskunde & Informatica in the Netherlands as a successor to the ABC programming language, which was inspired by SETL, capable of exception handling and interfacing with the Amoeba operating system.",0
Its implementation began in December 1989.,0
"Python was conceived in the late 1980s by Guido van Rossum at Centrum Wiskunde & Informatica in the Netherlands as a successor to the ABC programming language, which was inspired by SETL, capable of exception handling and interfacing with the Amoeba operating system.",0
"Apple Inc. is an American multinational technology company headquartered in Cupertino, California.",0
"As of March 2023, Apple is the world's biggest company by market capitalization.",0
"Apple Inc. is an American multinational technology company headquartered in Cupertino, California.",0
"Python web applications are more complex than static web pages, so you need a WSGI server like Gunicorn specifically intended for Python web applications and frameworks.",0
"In January 2019, active Python core developers elected a five-member Steering Council to lead the project.",0
An image demonstration will help to understand the role of a Gunicorn server more clearly.,0
"As of June 2022, Apple is the fourth-largest personal computer vendor by unit sales and the second-largest mobile phone manufacturer in the world.",0
"If your application contains static content, you can usually use a server such as Nginx to serve the static content.",0
"Apple is the world's largest technology company by revenue, with US$394.3 billion in 2022 revenue.",0
Its implementation began in December 1989.,0
"Van Rossum shouldered sole responsibility for the project, as the lead developer, until 12 July 2018, when he announced his permanent vacation from his responsibilities as Python's benevolent dictator for life, a title the Python community bestowed upon him to reflect his long-term commitment as the project's chief decision-maker.",0
Python programming is great,0
Its implementation began in December 1989.,0
Its implementation began in December 1989.,0
Data analysis techniques are essential for decision-making,0
"It is considered one of the Big Five American information technology companies, alongside Alphabet (parent company of Google), Amazon, Meta Platforms, and Microsoft.",0
"As of June 2022, Apple is the fourth-largest personal computer vendor by unit sales and the second-largest mobile phone manufacturer in the world.",0
"It is considered one of the Big Five American information technology companies, alongside Alphabet (parent company of Google), Amazon, Meta Platforms, and Microsoft.",0
"Python was conceived in the late 1980s by Guido van Rossum at Centrum Wiskunde & Informatica in the Netherlands as a successor to the ABC programming language, which was inspired by SETL, capable of exception handling and interfacing with the Amoeba operating system.",0
Now the problem is a python web application cannot be deployed on traditional web servers such as Apache because they are designed to serve static web pages created using HTML and CSS.,0
Its implementation began in December 1989.,0
Data analysis techniques are essential for decision-making,0
"Python was conceived in the late 1980s by Guido van Rossum at Centrum Wiskunde & Informatica in the Netherlands as a successor to the ABC programming language, which was inspired by SETL, capable of exception handling and interfacing with the Amoeba operating system.",0
"It is considered one of the Big Five American information technology companies, alongside Alphabet (parent company of Google), Amazon, Meta Platforms, and Microsoft.",0
"As of June 2022, Apple is the fourth-largest personal computer vendor by unit sales and the second-largest mobile phone manufacturer in the world.",0
"If your application contains static content, you can usually use a server such as Nginx to serve the static content.",0
Its implementation began in December 1989.,0
"As of June 2022, Apple is the fourth-largest personal computer vendor by unit sales and the second-largest mobile phone manufacturer in the world.",0
Web development is a popular field,0
"Van Rossum shouldered sole responsibility for the project, as the lead developer, until 12 July 2018, when he announced his permanent vacation from his responsibilities as Python's benevolent dictator for life, a title the Python community bestowed upon him to reflect his long-term commitment as the project's chief decision-maker.",0
"Python web applications are more complex than static web pages, so you need a WSGI server like Gunicorn specifically intended for Python web applications and frameworks.",0
Web development is a popular field,0
"If your application contains static content, you can usually use a server such as Nginx to serve the static content.",0
"If your application contains static content, you can usually use a server such as Nginx to serve the static content.",0
"In January 2019, active Python core developers elected a five-member Steering Council to lead the project.",0
Web development is a popular field,0
Python programming is great,0
"Apple is the world's largest technology company by revenue, with US$394.3 billion in 2022 revenue.",0
"Van Rossum shouldered sole responsibility for the project, as the lead developer, until 12 July 2018, when he announced his permanent vacation from his responsibilities as Python's benevolent dictator for life, a title the Python community bestowed upon him to reflect his long-term commitment as the project's chief decision-maker.",0
Its implementation began in December 1989.,0
"Python web applications are more complex than static web pages, so you need a WSGI server like Gunicorn specifically intended for Python web applications and frameworks.",0
The Gunicorn server is responsible for handling the dynamic content of the web application.,0
"Python was conceived in the late 1980s by Guido van Rossum at Centrum Wiskunde & Informatica in the Netherlands as a successor to the ABC programming language, which was inspired by SETL, capable of exception handling and interfacing with the Amoeba operating system.",0
"Apple is the world's largest technology company by revenue, with US$394.3 billion in 2022 revenue.",0
"Python web applications are more complex than static web pages, so you need a WSGI server like Gunicorn specifically intended for Python web applications and frameworks.",0
Data analysis techniques are essential for decision-making,0
Web development is a popular field,0
Its implementation began in December 1989.,0
An image demonstration will help to understand the role of a Gunicorn server more clearly.,0
Data analysis techniques are essential for decision-making,0
"It is considered one of the Big Five American information technology companies, alongside Alphabet (parent company of Google), Amazon, Meta Platforms, and Microsoft.",0
Python programming is great,0
The Gunicorn server is responsible for handling the dynamic content of the web application.,0
"Python web applications are more complex than static web pages, so you need a WSGI server like Gunicorn specifically intended for Python web applications and frameworks.",0
The Gunicorn server is responsible for handling the dynamic content of the web application.,0
"Apple is the world's largest technology company by revenue, with US$394.3 billion in 2022 revenue.",0
"Apple Inc. is an American multinational technology company headquartered in Cupertino, California.",0
Python programming is great,0
"As of March 2023, Apple is the world's biggest company by market capitalization.",0
"Python web applications are more complex than static web pages, so you need a WSGI server like Gunicorn specifically intended for Python web applications and frameworks.",0
Now the problem is a python web application cannot be deployed on traditional web servers such as Apache because they are designed to serve static web pages created using HTML and CSS.,0
Data analysis techniques are essential for decision-making,0
Web development is a popular field,0
"As of June 2022, Apple is the fourth-largest personal computer vendor by unit sales and the second-largest mobile phone manufacturer in the world.",0
"Apple is the world's largest technology company by revenue, with US$394.3 billion in 2022 revenue.",0
Its implementation began in December 1989.,0
"Python web applications are more complex than static web pages, so you need a WSGI server like Gunicorn specifically intended for Python web applications and frameworks.",0
"Python web applications are more complex than static web pages, so you need a WSGI server like Gunicorn specifically intended for Python web applications and frameworks.",0
"Van Rossum shouldered sole responsibility for the project, as the lead developer, until 12 July 2018, when he announced his permanent vacation from his responsibilities as Python's benevolent dictator for life, a title the Python community bestowed upon him to reflect his long-term commitment as the project's chief decision-maker.",0
Now the problem is a python web application cannot be deployed on traditional web servers such as Apache because they are designed to serve static web pages created using HTML and CSS.,0
Its implementation began in December 1989.,0
Now the problem is a python web application cannot be deployed on traditional web servers such as Apache because they are designed to serve static web pages created using HTML and CSS.,0
"If your application contains static content, you can usually use a server such as Nginx to serve the static content.",0
"Van Rossum shouldered sole responsibility for the project, as the lead developer, until 12 July 2018, when he announced his permanent vacation from his responsibilities as Python's benevolent dictator for life, a title the Python community bestowed upon him to reflect his long-term commitment as the project's chief decision-maker.",0
"Van Rossum shouldered sole responsibility for the project, as the lead developer, until 12 July 2018, when he announced his permanent vacation from his responsibilities as Python's benevolent dictator for life, a title the Python community bestowed upon him to reflect his long-term commitment as the project's chief decision-maker.",0
"Apple Inc. is an American multinational technology company headquartered in Cupertino, California.",0
"In January 2019, active Python core developers elected a five-member Steering Council to lead the project.",0
"As of March 2023, Apple is the world's biggest company by market capitalization.",0
"If your application contains static content, you can usually use a server such as Nginx to serve the static content.",0
Its implementation began in December 1989.,0
Data analysis techniques are essential for decision-making,0
"As of March 2023, Apple is the world's biggest company by market capitalization.",0
"It is considered one of the Big Five American information technology companies, alongside Alphabet (parent company of Google), Amazon, Meta Platforms, and Microsoft.",0
The Gunicorn server is responsible for handling the dynamic content of the web application.,0
Its implementation began in December 1989.,0
Its implementation began in December 1989.,0
"It is considered one of the Big Five American information technology companies, alongside Alphabet (parent company of Google), Amazon, Meta Platforms, and Microsoft.",0
"It is considered one of the Big Five American information technology companies, alongside Alphabet (parent company of Google), Amazon, Meta Platforms, and Microsoft.",0
"As of March 2023, Apple is the world's biggest company by market capitalization.",0
"Apple Inc. is an American multinational technology company headquartered in Cupertino, California.",0
Now the problem is a python web application cannot be deployed on traditional web servers such as Apache because they are designed to serve static web pages created using HTML and CSS.,0
"Van Rossum shouldered sole responsibility for the project, as the lead developer, until 12 July 2018, when he announced his permanent vacation from his responsibilities as Python's benevolent dictator for life, a title the Python community bestowed upon him to reflect his long-term commitment as the project's chief decision-maker.",0
Data analysis techniques are essential for decision-making,0
"If your application contains static content, you can usually use a server such as Nginx to serve the static content.",0
Web development is a popular field,0
Now the problem is a python web application cannot be deployed on traditional web servers such as Apache because they are designed to serve static web pages created using HTML and CSS.,0
An image demonstration will help to understand the role of a Gunicorn server more clearly.,0
The Gunicorn server is responsible for handling the dynamic content of the web application.,0
Now the problem is a python web application cannot be deployed on traditional web servers such as Apache because they are designed to serve static web pages created using HTML and CSS.,0
"If your application contains static content, you can usually use a server such as Nginx to serve the static content.",0
Now the problem is a python web application cannot be deployed on traditional web servers such as Apache because they are designed to serve static web pages created using HTML and CSS.,0
Data analysis techniques are essential for decision-making,0
"Python was conceived in the late 1980s by Guido van Rossum at Centrum Wiskunde & Informatica in the Netherlands as a successor to the ABC programming language, which was inspired by SETL, capable of exception handling and interfacing with the Amoeba operating system.",0
Its implementation began in December 1989.,0
Its implementation began in December 1989.,0
Web development is a popular field,0
"Apple Inc. is an American multinational technology company headquartered in Cupertino, California.",0
"Python was conceived in the late 1980s by Guido van Rossum at Centrum Wiskunde & Informatica in the Netherlands as a successor to the ABC programming language, which was inspired by SETL, capable of exception handling and interfacing with the Amoeba operating system.",0
"If your application contains static content, you can usually use a server such as Nginx to serve the static content.",0
"As of March 2023, Apple is the world's biggest company by market capitalization.",0
"Van Rossum shouldered sole responsibility for the project, as the lead developer, until 12 July 2018, when he announced his permanent vacation from his responsibilities as Python's benevolent dictator for life, a title the Python community bestowed upon him to reflect his long-term commitment as the project's chief decision-maker.",0
"As of March 2023, Apple is the world's biggest company by market capitalization.",0
"Van Rossum shouldered sole responsibility for the project, as the lead developer, until 12 July 2018, when he announced his permanent vacation from his responsibilities as Python's benevolent dictator for life, a title the Python community bestowed upon him to reflect his long-term commitment as the project's chief decision-maker.",0
"Python web applications are more complex than static web pages, so you need a WSGI server like Gunicorn specifically intended for Python web applications and frameworks.",0
"In January 2019, active Python core developers elected a five-member Steering Council to lead the project.",0
Its implementation began in December 1989.,0
Its implementation began in December 1989.,0
The Gunicorn server is responsible for handling the dynamic content of the web application.,0
Now the problem is a python web application cannot be deployed on traditional web servers such as Apache because they are designed to serve static web pages created using HTML and CSS.,0
Data analysis techniques are essential for decision-making,0
"As of June 2022, Apple is the fourth-largest personal computer vendor by unit sales and the second-largest mobile phone manufacturer in the world.",0
The Gunicorn server is responsible for handling the dynamic content of the web application.,0
An image demonstration will help to understand the role of a Gunicorn server more clearly.,0
"Van Rossum shouldered sole responsibility for the project, as the lead developer, until 12 July 2018, when he announced his permanent vacation from his responsibilities as Python's benevolent dictator for life, a title the Python community bestowed upon him to reflect his long-term commitment as the project's chief decision-maker.",0
"Apple is the world's largest technology company by revenue, with US$394.3 billion in 2022 revenue.",0
"It is considered one of the Big Five American information technology companies, alongside Alphabet (parent company of Google), Amazon, Meta Platforms, and Microsoft.",0
"As of March 2023, Apple is the world's biggest company by market capitalization.",0
"It is considered one of the Big Five American information technology companies, alongside Alphabet (parent company of Google), Amazon, Meta Platforms, and Microsoft.",0
Now the problem is a python web application cannot be deployed on traditional web servers such as Apache because they are designed to serve static web pages created using HTML and CSS.,0
The Gunicorn server is responsible for handling the dynamic content of the web application.,0
Python programming is great,0
"As of June 2022, Apple is the fourth-largest personal computer vendor by unit sales and the second-largest mobile phone manufacturer in the world.",0
"Apple is the world's largest technology company by revenue, with US$394.3 billion in 2022 revenue.",0
"Python web applications are more complex than static web pages, so you need a WSGI server like Gunicorn specifically intended for Python web applications and frameworks.",0
An image demonstration will help to understand the role of a Gunicorn server more clearly.,0
"In January 2019, active Python core developers elected a five-member Steering Council to lead the project.",0
"Python was conceived in the late 1980s by Guido van Rossum at Centrum Wiskunde & Informatica in the Netherlands as a successor to the ABC programming language, which was inspired by SETL, capable of exception handling and interfacing with the Amoeba operating system.",0
"Van Rossum shouldered sole responsibility for the project, as the lead developer, until 12 July 2018, when he announced his permanent vacation from his responsibilities as Python's benevolent dictator for life, a title the Python community bestowed upon him to reflect his long-term commitment as the project's chief decision-maker.",0
Python programming is great,0
"Apple Inc. is an American multinational technology company headquartered in Cupertino, California.",0
The Gunicorn server is responsible for handling the dynamic content of the web application.,0
Web development is a popular field,0
"Van Rossum shouldered sole responsibility for the project, as the lead developer, until 12 July 2018, when he announced his permanent vacation from his responsibilities as Python's benevolent dictator for life, a title the Python community bestowed upon him to reflect his long-term commitment as the project's chief decision-maker.",0
Web development is a popular field,0
"In January 2019, active Python core developers elected a five-member Steering Council to lead the project.",0
"In January 2019, active Python core developers elected a five-member Steering Council to lead the project.",0
"If your application contains static content, you can usually use a server such as Nginx to serve the static content.",0
"In January 2019, active Python core developers elected a five-member Steering Council to lead the project.",0
Now the problem is a python web application cannot be deployed on traditional web servers such as Apache because they are designed to serve static web pages created using HTML and CSS.,0
"Apple Inc. is an American multinational technology company headquartered in Cupertino, California.",0
Data analysis techniques are essential for decision-making,0
"Python web applications are more complex than static web pages, so you need a WSGI server like Gunicorn specifically intended for Python web applications and frameworks.",0
Now the problem is a python web application cannot be deployed on traditional web servers such as Apache because they are designed to serve static web pages created using HTML and CSS.,0
"As of March 2023, Apple is the world's biggest company by market capitalization.",0
"As of June 2022, Apple is the fourth-largest personal computer vendor by unit sales and the second-largest mobile phone manufacturer in the world.",0
Data analysis techniques are essential for decision-making,0
"As of June 2022, Apple is the fourth-largest personal computer vendor by unit sales and the second-largest mobile phone manufacturer in the world.",0
"Apple is the world's largest technology company by revenue, with US$394.3 billion in 2022 revenue.",0
Web development is a popular field,0
"As of March 2023, Apple is the world's biggest company by market capitalization.",0
Data analysis techniques are essential for decision-making,0
"Van Rossum shouldered sole responsibility for the project, as the lead developer, until 12 July 2018, when he announced his permanent vacation from his responsibilities as Python's benevolent dictator for life, a title the Python community bestowed upon him to reflect his long-term commitment as the project's chief decision-maker.",0
"Apple is the world's largest technology company by revenue, with US$394.3 billion in 2022 revenue.",0
"As of June 2022, Apple is the fourth-largest personal computer vendor by unit sales and the second-largest mobile phone manufacturer in the world.",0
Its implementation began in December 1989.,0
Web development is a popular field,0
"Apple is the world's largest technology company by revenue, with US$394.3 billion in 2022 revenue.",0
Data analysis techniques are essential for decision-making,0
"Apple is the world's largest technology company by revenue, with US$394.3 billion in 2022 revenue.",0
Python programming is great,0
"Python web applications are more complex than static web pages, so you need a WSGI server like Gunicorn specifically intended for Python web applications and frameworks.",0
Now the problem is a python web application cannot be deployed on traditional web servers such as Apache because they are designed to serve static web pages created using HTML and CSS.,0
"Apple Inc. is an American multinational technology company headquartered in Cupertino, California.",0
An image demonstration will help to understand the role of a Gunicorn server more clearly.,0
"Apple is the world's largest technology company by revenue, with US$394.3 billion in 2022 revenue.",0
Its implementation began in December 1989.,0
"Apple Inc. is an American multinational technology company headquartered in Cupertino, California.",0
"As of March 2023, Apple is the world's biggest company by market capitalization.",0
Now the problem is a python web application cannot be deployed on traditional web servers such as Apache because they are designed to serve static web pages created using HTML and CSS.,0
"Python was conceived in the late 1980s by Guido van Rossum at Centrum Wiskunde & Informatica in the Netherlands as a successor to the ABC programming language, which was inspired by SETL, capable of exception handling and interfacing with the Amoeba operating system.",0
"Apple is the world's largest technology company by revenue, with US$394.3 billion in 2022 revenue.",0
Data analysis techniques are essential for decision-making,0
"It is considered one of the Big Five American information technology companies, alongside Alphabet (parent company of Google), Amazon, Meta Platforms, and Microsoft.",0
Its implementation began in December 1989.,0
"In January 2019, active Python core developers elected a five-member Steering Council to lead the project.",0
Web development is a popular field,0
"Apple Inc. is an American multinational technology company headquartered in Cupertino, California.",0
"As of March 2023, Apple is the world's biggest company by market capitalization.",0
The Gunicorn server is responsible for handling the dynamic content of the web application.,0
"Van Rossum shouldered sole responsibility for the project, as the lead developer, until 12 July 2018, when he announced his permanent vacation from his responsibilities as Python's benevolent dictator for life, a title the Python community bestowed upon him to reflect his long-term commitment as the project's chief decision-maker.",0
Its implementation began in December 1989.,0
An image demonstration will help to understand the role of a Gunicorn server more clearly.,0
"If your application contains static content, you can usually use a server such as Nginx to serve the static content.",0
"As of June 2022, Apple is the fourth-largest personal computer vendor by unit sales and the second-largest mobile phone manufacturer in the world.",0
"Apple is the world's largest technology company by revenue, with US$394.3 billion in 2022 revenue.",0
An image demonstration will help to understand the role of a Gunicorn server more clearly.,0
"Apple Inc. is an American multinational technology company headquartered in Cupertino, California.",0
"As of June 2022, Apple is the fourth-largest personal computer vendor by unit sales and the second-largest mobile phone manufacturer in the world.",0
"Python web applications are more complex than static web pages, so you need a WSGI server like Gunicorn specifically intended for Python web applications and frameworks.",0
The Gunicorn server is responsible for handling the dynamic content of the web application.,0
"Apple is the world's largest technology company by revenue, with US$394.3 billion in 2022 revenue.",0
Data analysis techniques are essential for decision-making,0
Python programming is great,0
Its implementation began in December 1989.,0
An image demonstration will help to understand the role of a Gunicorn server more clearly.,0
"If your application contains static content, you can usually use a server such as Nginx to serve the static content.",0
Its implementation began in December 1989.,0
Python programming is great,0
"As of March 2023, Apple is the world's biggest company by market capitalization.",0
"It is considered one of the Big Five American information technology companies, alongside Alphabet (parent company of Google), Amazon, Meta Platforms, and Microsoft.",0
An image demonstration will help to understand the role of a Gunicorn server more clearly.,0
Python programming is great,0
"It is considered one of the Big Five American information technology companies, alongside Alphabet (parent company of Google), Amazon, Meta Platforms, and Microsoft.",0
"Apple is the world's largest technology company by revenue, with US$394.3 billion in 2022 revenue.",0
"Python was conceived in the late 1980s by Guido van Rossum at Centrum Wiskunde & Informatica in the Netherlands as a successor to the ABC programming language, which was inspired by SETL, capable of exception handling and interfacing with the Amoeba operating system.",0
"Van Rossum shouldered sole responsibility for the project, as the lead developer, until 12 July 2018, when he announced his permanent vacation from his responsibilities as Python's benevolent dictator for life, a title the Python community bestowed upon him to reflect his long-term commitment as the project's chief decision-maker.",0
Python programming is great,0
Data analysis techniques are essential for decision-making,0
The Gunicorn server is responsible for handling the dynamic content of the web application.,0
An image demonstration will help to understand the role of a Gunicorn server more clearly.,0
"Apple Inc. is an American multinational technology company headquartered in Cupertino, California.",0
Its implementation began in December 1989.,0
"Apple is the world's largest technology company by revenue, with US$394.3 billion in 2022 revenue.",0
Web development is a popular field,0
"Apple is the world's largest technology company by revenue, with US$394.3 billion in 2022 revenue.",0
Its implementation began in December 1989.,0
An image demonstration will help to understand the role of a Gunicorn server more clearly.,0
"Python web applications are more complex than static web pages, so you need a WSGI server like Gunicorn specifically intended for Python web applications and frameworks.",0
The Gunicorn server is responsible for handling the dynamic content of the web application.,0
Data analysis techniques are essential for decision-making,0
An image demonstration will help to understand the role of a Gunicorn server more clearly.,0
"As of March 2023, Apple is the world's biggest company by market capitalization.",0
An image demonstration will help to understand the role of a Gunicorn server more clearly.,0
"If your application contains static content, you can usually use a server such as Nginx to serve the static content.",0
"Apple is the world's largest technology company by revenue, with US$394.3 billion in 2022 revenue.",0
Its implementation began in December 1989.,0
"As of June 2022, Apple is the fourth-largest personal computer vendor by unit sales and the second-largest mobile phone manufacturer in the world.",0
"In January 2019, active Python core developers elected a five-member Steering Council to lead the project.",0
"In January 2019, active Python core developers elected a five-member Steering Council to lead the project.",0
Data analysis techniques are essential for decision-making,0
Data analysis techniques are essential for decision-making,0
"Apple Inc. is an American multinational technology company headquartered in Cupertino, California.",0
Web development is a popular field,0
Data analysis techniques are essential for decision-making,0
"As of March 2023, Apple is the world's biggest company by market capitalization.",0
"Apple is the world's largest technology company by revenue, with US$394.3 billion in 2022 revenue.",0
The Gunicorn server is responsible for handling the dynamic content of the web application.,0
"Van Rossum shouldered sole responsibility for the project, as the lead developer, until 12 July 2018, when he announced his permanent vacation from his responsibilities as Python's benevolent dictator for life, a title the Python community bestowed upon him to reflect his long-term commitment as the project's chief decision-maker.",0
Its implementation began in December 1989.,0
An image demonstration will help to understand the role of a Gunicorn server more clearly.,0
The Gunicorn server is responsible for handling the dynamic content of the web application.,0
Its implementation began in December 1989.,0
Its implementation began in December 1989.,0
The Gunicorn server is responsible for handling the dynamic content of the web application.,0
"In January 2019, active Python core developers elected a five-member Steering Council to lead the project.",0
"As of March 2023, Apple is the world's biggest company by market capitalization.",0
"If your application contains static content, you can usually use a server such as Nginx to serve the static content.",0
"Apple is the world's largest technology company by revenue, with US$394.3 billion in 2022 revenue.",0
